Firm Name,Primary Location Node,Contact Phone String,Target Email Address,Target Category Vector
S. R. Murthy & Co. Chartered Accountants,"Hitech City, Hyderabad",+91 98480 22341,partner@murthyca.com,Growth Practice Candidate
Madhapur Fractional CFO Advisors,"Madhapur, Hyderabad",+91 91210 88345,growth@madhapurcfo.in,Elite Partner Candidate
Cyberabad Tax Professionals,"Hitech City, Hyderabad",+91 95532 11440,info@cyberabadtax.com,Starter Solo Candidate
Anand & Associates Tax Consultants,"Gachibowli, Hyderabad",+91 91770 11254,office@anandtax.com,Starter Solo Candidate
Financial District Valuation Partners,"Gachibowli, Hyderabad",+91 80085 22311,valuation@fdpartners.com,Elite Partner Candidate
Matrix Corporate Advisory Services,"Gachibowli, Hyderabad",+91 81213 44556,advisory@matrixcorp.in,Growth Practice Candidate
Venu & Kulkarni Associates,"Jubilee Hills, Hyderabad",+91 99890 55432,contact@venukulkarni.in,Elite Partner Candidate
Banjara Hills Compliance Leaders,"Banjara Hills, Hyderabad",+91 90001 55662,managingpartner@bhcompliance.com,Growth Practice Candidate
Begumpet Corporate Valuation Experts,"Begumpet, Hyderabad",+91 77022 99110,valuation@begumpetca.com,Elite Partner Candidate
Secunderabad Commercial Accounting Partners,"Secunderabad, Telangana",+91 93910 44221,partners@secunderabadca.in,Growth Practice Candidate
Sastry & Rao Tax Practitioners,"Secunderabad, Telangana",+91 94400 33881,filings@sastryrao.com,Starter Solo Candidate
